what,when,with
Academic writing,Intermediate,
Multi-level modeling/Linear mixed-effect,Advanced,
Latent variable modeling,Advanced,
General linear modeling,Advanced,
Generalised linear models,Advanced,
"Designing questionnaire using Soscisurvey, formr, LimeSurvey, and Qualtrics",Advanced,
Experimental research,Intermediate,
Designing experiment using lab.js,Intermediate,
Systematic reviews,Intermediate,
Meta-analysis,Intermediate,
R programming,Intermediate,
Directed acyclic graphs (DAG),Novice,
PHP programming,Novice,
HTML programming,Novice,
Latent response model,Novice,
